{"_ts": 1777696176.3091545, "filename": "demo_clean.py", "source_code": "\"\"\"Simple, clean utility module demonstrating good code practices.\"\"\"\r\n\r\n\r\ndef calculate_sum(numbers):\r\n    \"\"\"Calculate the sum of a list of numbers.\r\n    \r\n    Args:\r\n        numbers: List of numeric values.\r\n    \r\n    Returns:\r\n        The sum total.\r\n    \"\"\"\r\n    total = 0\r\n    for num in numbers:\r\n        total += num\r\n    return total\r\n\r\n\r\ndef format_currency(amount, currency=\"USD\"):\r\n    \"\"\"Format a number as currency.\r\n    \r\n    Args:\r\n        amount: Numeric value to format.\r\n        currency: Currency code (default USD).\r\n    \r\n    Returns:\r\n        Formatted currency string.\r\n    \"\"\"\r\n    return f\"{currency} ${amount:.2f}\"\r\n\r\n\r\ndef validate_email(email):\r\n    \"\"\"Check if an email contains @ symbol.\r\n    \r\n    Args:\r\n        email: Email string to validate.\r\n    \r\n    Returns:\r\n        True if email contains @, False otherwise.\r\n    \"\"\"\r\n    return \"@\" in email\r\n", "metrics": {"loc": 41.0, "v(g)": 4.0, "ev(g)": 2.0, "iv(g)": 1.3333333333333333, "n": 24.0, "v": 91.3765181293825, "l": 0.3492063492063492, "d": 2.8636363636363638, "i": 31.909260299149445, "e": 261.6691200977772, "b": 0.030458839376460836, "t": 14.537173338765399, "lOCode": 29.0, "lOComment": 0.0, "lOBlank": 12.0, "locCodeAndComment": 0.0, "uniq_Op": 3.0, "uniq_Opnd": 11.0, "total_Op": 3.0, "total_Opnd": 21.0, "branchCount": 1.0}, "summary": {"functions": ["calculate_sum", "format_currency", "validate_email"], "classes": [], "imports": [], "total_lines": 41, "docstrings": 3, "async_functions": 0, "decorators": 0, "comprehensions": 0, "error": null}, "prediction": {"label": "Clean", "probability": 0.4531307070127743, "raw_probability": 0.5131307070127743, "decision_threshold": 0.64, "confidence_band": "medium", "risk_score": {"score": 45.3, "category": "Medium", "color": "yellow"}, "shap_values": {"loc": -2.356895594653099e-05, "v(g)": -0.00022707335569047303, "ev(g)": -0.00016550319490482736, "iv(g)": -0.000363234537442234, "n": -0.00042670033016950287, "v": -0.00043646271749779575, "l": 0.0009320991608285029, "d": -0.0007811824957820379, "i": 0.00012397370008169765, "e": -0.00010621616993547493, "b": -0.00020373589858085694, "t": -0.00010657064283165126, "lOCode": 7.500407741137131e-05, "lOComment": -0.00019585358260380635, "lOBlank": 0.0011683845827670874, "locCodeAndComment": -6.889534429426588e-05, "uniq_Op": -0.0007215530071290673, "uniq_Opnd": -0.00021963991248677637, "total_Op": -0.0005282618674218668, "total_Opnd": -0.00026973714773756533, "branchCount": -0.0005960699585296239}, "top_features": [["lOBlank", 0.0011683845827670874], ["l", 0.0009320991608285029], ["d", -0.0007811824957820379], ["uniq_Op", -0.0007215530071290673], ["branchCount", -0.0005960699585296239]], "shap_method": "proxy", "calibration": {"applied": true, "reasons": ["low_complexity_profile"], "adjustment": -0.06, "raw_probability": 0.5131307070127743, "calibrated_probability": 0.4531307070127743, "threshold": 0.64}, "model_meta": {"auc_roc": 0.7494907661178446, "accuracy_at_threshold": 0.7909007352941176, "cv_auc_mean": 0.7484836563116647, "cv_auc_std": 0.004744642227709209, "decision_threshold": 0.64, "f1_at_threshold": 0.46026097271648875, "balanced_accuracy_at_threshold": 0.6654465355177944, "selected_model": "stacking", "n_train": 8704, "n_test": 2176, "defect_rate": 0.1932904411764706, "feature_importances": {"loc": 0.1429747551857767, "v(g)": 0.049399167141436426, "ev(g)": 0.030509329615708076, "iv(g)": 0.0482767029351783, "n": 0.04531200656262085, "v": 0.05628336164128367, "l": 0.026492395473545493, "d": 0.04960621203853334, "i": 0.05714298209354801, "e": 0.051237584951918345, "b": 0.026245952499467963, "t": 0.05140857418539657, "lOCode": 0.05452691070037126, "lOComment": 0.02481342767418039, "lOBlank": 0.05945447876791584, "locCodeAndComment": 0.011843289006263304, "uniq_Op": 0.03500334841947069, "uniq_Opnd": 0.04069774493197665, "total_Op": 0.04711987508165921, "total_Opnd": 0.04128153682531962, "branchCount": 0.050370364268429106}, "architecture": "Model selection among StackingClassifier, ExtraTrees, and HistGradientBoosting", "dataset": "NASA KC1 PROMISE Repository"}}, "risks": []}