{"_ts": 1777674215.5891535, "filename": "first_upload_test.py", "source_code": "def hello():\n    return 1\n", "metrics": {"loc": 2.0, "v(g)": 1.0, "ev(g)": 1.0, "iv(g)": 1.0, "n": 3.0, "v": 4.754887502163468, "l": 1.0, "d": 0.5, "i": 4.754887502163468, "e": 2.377443751081734, "b": 0.001584962500721156, "t": 0.13208020839342968, "lOCode": 2.0, "lOComment": 0.0, "lOBlank": 0.0, "locCodeAndComment": 0.0, "uniq_Op": 1.0, "uniq_Opnd": 2.0, "total_Op": 1.0, "total_Opnd": 2.0, "branchCount": 0.0}, "summary": {"functions": ["hello"], "classes": [], "imports": [], "total_lines": 2, "docstrings": 0, "async_functions": 0, "decorators": 0, "comprehensions": 0, "error": null}, "prediction": {"label": "Clean", "probability": 0.06673130483282685, "raw_probability": 0.12673130483282685, "decision_threshold": 0.64, "confidence_band": "very_high", "risk_score": {"score": 6.7, "category": "Low", "color": "green"}, "shap_values": {"loc": 0.055724341387856424, "v(g)": 0.014776499235411841, "ev(g)": 0.008041850189215672, "iv(g)": 0.011629904493718706, "n": 0.015003653915296912, "v": 0.014293798686953168, "l": -0.10713168019473698, "d": 0.026871022333888387, "i": 0.030945754315612074, "e": 0.003040937170505994, "b": 0.006671074337816741, "t": 0.0030510856215068666, "lOCode": 0.016405507995754784, "lOComment": 0.00556756092046051, "lOBlank": 0.020338486718232244, "locCodeAndComment": 0.0019584989020618093, "uniq_Op": 0.025540031468570996, "uniq_Opnd": 0.016337794959523335, "total_Op": 0.015485107482437886, "total_Opnd": 0.013610235293856516, "branchCount": 0.018598346128756476}, "top_features": [["l", -0.10713168019473698], ["loc", 0.055724341387856424], ["i", 0.030945754315612074], ["d", 0.026871022333888387], ["uniq_Op", 0.025540031468570996]], "shap_method": "proxy", "calibration": {"applied": true, "reasons": ["low_complexity_profile"], "adjustment": -0.06, "raw_probability": 0.12673130483282685, "calibrated_probability": 0.06673130483282685, "threshold": 0.64}, "model_meta": {"auc_roc": 0.7494907661178446, "accuracy_at_threshold": 0.7909007352941176, "cv_auc_mean": 0.7484836563116647, "cv_auc_std": 0.004744642227709209, "decision_threshold": 0.64, "f1_at_threshold": 0.46026097271648875, "balanced_accuracy_at_threshold": 0.6654465355177944, "selected_model": "stacking", "n_train": 8704, "n_test": 2176, "defect_rate": 0.1932904411764706, "feature_importances": {"loc": 0.1429747551857767, "v(g)": 0.049399167141436426, "ev(g)": 0.030509329615708076, "iv(g)": 0.0482767029351783, "n": 0.04531200656262085, "v": 0.05628336164128367, "l": 0.026492395473545493, "d": 0.04960621203853334, "i": 0.05714298209354801, "e": 0.051237584951918345, "b": 0.026245952499467963, "t": 0.05140857418539657, "lOCode": 0.05452691070037126, "lOComment": 0.02481342767418039, "lOBlank": 0.05945447876791584, "locCodeAndComment": 0.011843289006263304, "uniq_Op": 0.03500334841947069, "uniq_Opnd": 0.04069774493197665, "total_Op": 0.04711987508165921, "total_Opnd": 0.04128153682531962, "branchCount": 0.050370364268429106}, "architecture": "Model selection among StackingClassifier, ExtraTrees, and HistGradientBoosting", "dataset": "NASA KC1 PROMISE Repository"}}, "risks": []}